timestamp,vendor_latency_ms,ops_queue_depth,override_rate_per_hr,review_throughput_per_hr,sla_breach_rate,error_rate_pct,cpu_util_pct,incident_flag
2025-07-01T00:00:00+00:00,169.14,180,1.2,130.0,0.0009,0.099,34.47,0
2025-07-01T06:00:00+00:00,179.23,186,1.06,130.2,0.001006,0.119,35.41,0
2025-07-01T12:00:00+00:00,133.49,179,0.95,128.4,0.001178,0.233,29.04,0
2025-07-01T18:00:00+00:00,185.87,203,1.09,127.9,0.001518,0.087,34.92,0
2025-07-02T00:00:00+00:00,176.38,195,1.33,126.8,0.000773,0.125,33.51,0
2025-07-02T06:00:00+00:00,182.16,229,1.55,125.0,0.000817,0.35,30.18,0
2025-07-02T12:00:00+00:00,216.72,233,1.54,122.5,0.000645,0.382,40.05,0
2025-07-02T18:00:00+00:00,204.53,244,1.55,125.6,0.000676,0.236,34.05,0
2025-07-03T00:00:00+00:00,138.7,274,1.42,126.5,0.000206,0.177,31.23,0
2025-07-03T06:00:00+00:00,152.74,267,1.61,124.9,0.00038,0.028,32.74,0
2025-07-03T12:00:00+00:00,167.09,273,1.42,124.7,0.000281,0.211,35.25,0
2025-07-03T18:00:00+00:00,177.39,274,1.53,126.5,0.000173,0.151,36.02,0
2025-07-04T00:00:00+00:00,183.33,271,1.55,126.6,0.000474,0.171,34.1,0
2025-07-04T06:00:00+00:00,127.21,303,1.67,126.8,0.000454,0.082,36.33,0
2025-07-04T12:00:00+00:00,185.64,300,1.51,125.1,0.00038,0.143,37.21,0
2025-07-04T18:00:00+00:00,165.33,301,1.61,124.7,0.00036,0.122,27.75,0
2025-07-05T00:00:00+00:00,161.16,295,1.84,126.1,0.000838,0.182,30.37,0
2025-07-05T06:00:00+00:00,169.79,308,2.03,125.9,0.001017,0.315,28.78,0
2025-07-05T12:00:00+00:00,140.13,341,1.81,128.6,0.001436,0.188,32.41,0
2025-07-05T18:00:00+00:00,155.47,350,1.91,131.2,0.001236,0.0,37.12,0
2025-07-06T00:00:00+00:00,137.13,359,1.75,129.6,0.001062,0.028,34.35,0
2025-07-06T06:00:00+00:00,164.74,362,1.77,130.5,0.000696,0.0,28.41,0
2025-07-06T12:00:00+00:00,126.9,387,1.94,131.8,0.000633,0.049,31.04,0
2025-07-06T18:00:00+00:00,184.35,390,2.01,132.4,0.000236,0.211,35.67,0
2025-07-07T00:00:00+00:00,216.04,402,2.44,128.1,0.000556,0.249,30.21,0
2025-07-07T06:00:00+00:00,212.28,409,2.38,131.0,0.000296,0.116,31.73,0
2025-07-07T12:00:00+00:00,158.49,415,2.56,130.2,0.000252,0.176,33.14,0
2025-07-07T18:00:00+00:00,183.01,420,2.44,133.2,8.7e-05,0.054,25.69,0
2025-07-08T00:00:00+00:00,166.95,433,2.21,134.1,0.000142,0.0,34.8,0
2025-07-08T06:00:00+00:00,208.01,409,2.17,131.4,0.000101,0.004,33.27,0
2025-07-08T12:00:00+00:00,151.45,429,1.98,128.9,0.000552,0.041,34.06,0
2025-07-08T18:00:00+00:00,170.16,434,2.22,129.5,0.000375,0.314,28.64,0
2025-07-09T00:00:00+00:00,157.14,437,2.38,131.3,0.000439,0.0,29.38,0
2025-07-09T06:00:00+00:00,167.1,441,2.33,129.8,0.000995,0.293,29.98,0
2025-07-09T12:00:00+00:00,191.26,444,2.13,128.7,0.001203,0.303,32.95,0
2025-07-09T18:00:00+00:00,163.96,454,2.1,127.4,0.001219,0.122,32.32,0
2025-07-10T00:00:00+00:00,159.89,440,1.89,129.2,0.001101,0.138,32.52,0
2025-07-10T06:00:00+00:00,189.19,447,2.08,130.4,0.001121,0.071,38.34,0
2025-07-10T12:00:00+00:00,210.55,472,2.19,129.5,0.001329,0.179,36.64,0
2025-07-10T18:00:00+00:00,176.74,480,2.05,129.6,0.001294,0.223,29.55,0
2025-07-11T00:00:00+00:00,177.69,462,2.02,128.9,0.001186,0.145,29.78,0
2025-07-11T06:00:00+00:00,190.73,448,1.97,128.8,0.001222,0.263,38.08,0
2025-07-11T12:00:00+00:00,170.7,440,2.06,126.3,0.001169,0.286,30.96,0
2025-07-11T18:00:00+00:00,161.32,457,1.95,125.5,0.001457,0.185,36.9,0
2025-07-12T00:00:00+00:00,200.73,456,1.91,126.3,0.001719,0.186,37.67,0
2025-07-12T06:00:00+00:00,168.68,436,1.79,124.5,0.00141,0.137,30.17,0
2025-07-12T12:00:00+00:00,200.33,431,1.67,125.6,0.001171,0.186,31.13,0
2025-07-12T18:00:00+00:00,184.34,436,1.75,124.5,0.001212,0.01,32.36,0
2025-07-13T00:00:00+00:00,196.43,456,1.82,123.6,0.001205,0.192,29.05,0
2025-07-13T06:00:00+00:00,203.81,450,1.88,125.9,0.001004,0.182,28.65,0
2025-07-13T12:00:00+00:00,195.21,451,2.06,125.2,0.001074,0.041,30.67,0
2025-07-13T18:00:00+00:00,149.05,444,1.93,124.5,0.001634,0.402,35.05,0
2025-07-14T00:00:00+00:00,208.17,443,1.85,123.9,0.00157,0.056,30.5,0
2025-07-14T06:00:00+00:00,155.25,453,1.89,128.5,0.001607,0.04,31.35,0
2025-07-14T12:00:00+00:00,164.54,471,1.95,129.7,0.001231,0.177,30.44,0
2025-07-14T18:00:00+00:00,182.77,472,1.95,129.2,0.000705,0.0,27.29,0
2025-07-15T00:00:00+00:00,190.75,484,1.91,128.3,0.000693,0.049,37.27,0
2025-07-15T06:00:00+00:00,202.92,485,1.99,125.8,0.000513,0.0,23.87,0
2025-07-15T12:00:00+00:00,231.01,490,2.02,125.3,0.000436,0.138,29.78,0
2025-07-15T18:00:00+00:00,139.51,484,2.02,128.0,0.000242,0.128,34.03,0
2025-07-16T00:00:00+00:00,197.17,502,2.16,127.2,0.000527,0.182,27.18,0
2025-07-16T06:00:00+00:00,166.38,490,1.9,124.8,0.00049,0.276,34.19,0
2025-07-16T12:00:00+00:00,170.31,490,1.85,125.4,2.4e-05,0.24,36.45,0
2025-07-16T18:00:00+00:00,168.34,497,1.66,124.5,2.4e-05,0.285,29.06,0
2025-07-17T00:00:00+00:00,153.01,488,1.5,123.0,0.000121,0.214,32.8,0
2025-07-17T06:00:00+00:00,139.08,497,1.64,121.6,1.9e-05,0.087,28.18,0
2025-07-17T12:00:00+00:00,189.51,490,1.75,118.3,0.00043,0.277,33.84,0
2025-07-17T18:00:00+00:00,173.65,488,1.66,120.1,0.00076,0.085,32.38,0
2025-07-18T00:00:00+00:00,144.5,494,1.86,121.3,0.001118,0.07,32.82,0
2025-07-18T06:00:00+00:00,172.38,509,1.87,124.9,0.001188,0.327,36.85,0
2025-07-18T12:00:00+00:00,197.26,512,1.77,124.8,0.001407,0.238,33.72,0
2025-07-18T18:00:00+00:00,172.7,502,1.9,125.9,0.001483,0.17,36.78,0
2025-07-19T00:00:00+00:00,168.07,482,1.9,127.5,0.001289,0.234,34.29,0
2025-07-19T06:00:00+00:00,150.65,486,1.56,129.0,0.001135,0.249,27.87,0
2025-07-19T12:00:00+00:00,189.02,497,1.34,130.5,0.001101,0.0,32.98,0
2025-07-19T18:00:00+00:00,175.86,508,1.27,129.2,0.001691,0.132,33.78,0
2025-07-20T00:00:00+00:00,152.19,502,1.24,128.7,0.001422,0.002,27.01,0
2025-07-20T06:00:00+00:00,181.2,516,1.58,127.4,0.001,0.158,36.74,0
2025-07-20T12:00:00+00:00,163.88,530,1.81,129.2,0.001332,0.063,32.31,0
2025-07-20T18:00:00+00:00,171.83,523,1.82,126.4,0.000995,0.306,33.36,0
2025-07-21T00:00:00+00:00,184.84,535,1.76,131.3,0.001057,0.206,28.93,0
2025-07-21T06:00:00+00:00,172.53,531,1.93,134.6,0.001217,0.046,32.32,0
2025-07-21T12:00:00+00:00,192.77,521,2.01,136.8,0.001119,0.141,33.12,0
2025-07-21T18:00:00+00:00,179.73,515,2.18,136.2,0.000874,0.0,30.93,0
2025-07-22T00:00:00+00:00,187.82,514,2.07,136.1,0.000948,0.148,32.35,0
2025-07-22T06:00:00+00:00,160.63,528,2.2,132.2,0.001096,0.209,24.65,0
2025-07-22T12:00:00+00:00,202.04,539,2.28,133.9,0.000996,0.182,36.83,0
2025-07-22T18:00:00+00:00,179.67,531,2.42,131.2,0.000499,0.0,28.17,0
2025-07-23T00:00:00+00:00,208.05,543,2.31,130.3,0.00023,0.132,24.43,0
2025-07-23T06:00:00+00:00,199.13,532,2.14,129.4,0.000419,0.204,28.71,0
2025-07-23T12:00:00+00:00,153.35,511,2.26,126.9,0.000231,0.18,29.14,0
2025-07-23T18:00:00+00:00,189.07,520,2.25,124.0,0.000786,0.282,33.97,0
2025-07-24T00:00:00+00:00,169.21,514,2.29,124.8,0.001192,0.0,28.87,0
2025-07-24T06:00:00+00:00,202.67,511,2.44,123.7,0.001497,0.216,33.06,0
2025-07-24T12:00:00+00:00,155.45,506,2.36,127.9,0.001578,0.065,28.71,0
2025-07-24T18:00:00+00:00,219.91,510,2.69,128.6,0.001371,0.237,39.79,0
2025-07-25T00:00:00+00:00,158.64,519,2.48,130.8,0.001686,0.192,33.97,0
2025-07-25T06:00:00+00:00,164.44,516,2.37,130.9,0.00168,0.226,38.91,0
2025-07-25T12:00:00+00:00,118.85,508,2.44,126.5,0.001562,0.074,28.51,0
2025-07-25T18:00:00+00:00,138.3,507,2.38,127.3,0.001252,0.165,34.39,0
2025-07-26T00:00:00+00:00,172.91,515,2.35,126.1,0.000931,0.003,28.72,0
2025-07-26T06:00:00+00:00,150.87,505,2.39,124.4,0.000988,0.0,34.09,0
2025-07-26T12:00:00+00:00,184.61,518,2.54,127.9,0.000955,0.21,34.43,0
2025-07-26T18:00:00+00:00,208.86,510,2.67,128.5,0.001276,0.168,26.48,0
2025-07-27T00:00:00+00:00,174.96,512,2.81,130.1,0.001474,0.0,28.08,0
2025-07-27T06:00:00+00:00,155.73,520,2.83,130.3,0.001537,0.041,27.98,0
2025-07-27T12:00:00+00:00,183.0,532,2.71,133.5,0.001516,0.145,26.8,0
2025-07-27T18:00:00+00:00,206.49,544,2.67,132.4,0.002033,0.353,29.5,0
2025-07-28T00:00:00+00:00,223.11,542,2.46,130.6,0.001927,0.351,28.7,0
2025-07-28T06:00:00+00:00,158.16,566,2.49,132.2,0.001663,0.239,27.0,0
2025-07-28T12:00:00+00:00,184.28,571,2.59,135.3,0.001495,0.0,32.4,0
2025-07-28T18:00:00+00:00,174.24,578,2.63,132.5,0.001509,0.131,33.96,0
2025-07-29T00:00:00+00:00,175.51,577,2.27,133.3,0.001663,0.2,27.45,0
2025-07-29T06:00:00+00:00,157.91,574,2.09,135.8,0.001736,0.19,30.1,0
2025-07-29T12:00:00+00:00,171.92,585,2.33,134.0,0.001943,0.193,32.08,0
2025-07-29T18:00:00+00:00,160.49,584,2.34,133.3,0.001933,0.115,31.24,0
2025-07-30T00:00:00+00:00,167.06,597,2.38,132.5,0.001857,0.354,29.6,0
2025-07-30T06:00:00+00:00,147.32,601,2.26,131.0,0.001844,0.32,34.88,0
2025-07-30T12:00:00+00:00,188.94,596,2.27,129.6,0.002344,0.132,35.01,0
2025-07-30T18:00:00+00:00,145.66,611,2.37,129.3,0.00286,0.025,34.42,0
2025-07-31T00:00:00+00:00,155.59,615,2.38,129.8,0.002869,0.389,31.31,0
2025-07-31T06:00:00+00:00,161.93,630,2.4,133.8,0.002585,0.077,39.0,0
2025-07-31T12:00:00+00:00,180.53,637,2.28,136.9,0.00246,0.287,38.13,0
2025-07-31T18:00:00+00:00,140.7,637,2.46,138.6,0.002148,0.372,30.64,0
2025-08-01T00:00:00+00:00,127.7,634,2.27,137.8,0.00211,0.03,31.62,0
2025-08-01T06:00:00+00:00,178.18,631,2.2,136.1,0.001913,0.178,36.2,0
2025-08-01T12:00:00+00:00,156.06,637,2.47,131.4,0.001889,0.101,29.24,0
2025-08-01T18:00:00+00:00,205.24,633,2.57,129.2,0.001858,0.223,33.43,0
2025-08-02T00:00:00+00:00,147.15,623,2.68,129.2,0.001822,0.181,32.2,0
2025-08-02T06:00:00+00:00,177.65,628,2.65,126.0,0.00198,0.376,29.58,0
2025-08-02T12:00:00+00:00,176.14,631,2.63,128.1,0.002283,0.214,31.23,0
2025-08-02T18:00:00+00:00,183.6,621,2.52,131.2,0.002613,0.142,26.54,0
2025-08-03T00:00:00+00:00,161.31,614,2.35,129.6,0.002438,0.278,30.14,0
2025-08-03T06:00:00+00:00,137.9,599,2.38,126.9,0.002094,0.11,25.05,0
2025-08-03T12:00:00+00:00,228.55,609,2.29,126.9,0.002237,0.201,40.01,0
2025-08-03T18:00:00+00:00,209.91,618,2.27,127.2,0.002008,0.447,37.3,0
2025-08-04T00:00:00+00:00,199.68,636,2.41,125.0,0.002006,0.044,36.33,0
2025-08-04T06:00:00+00:00,166.44,644,2.51,129.0,0.002349,0.084,33.09,0
2025-08-04T12:00:00+00:00,194.01,639,2.52,126.3,0.002386,0.148,35.53,0
2025-08-04T18:00:00+00:00,151.62,641,2.94,126.6,0.001835,0.016,36.48,0
2025-08-05T00:00:00+00:00,196.94,634,2.94,124.2,0.001628,0.0,35.58,0
2025-08-05T06:00:00+00:00,214.98,631,2.98,124.2,0.001429,0.323,35.24,0
2025-08-05T12:00:00+00:00,192.89,640,2.88,123.5,0.001123,0.049,28.83,0
2025-08-05T18:00:00+00:00,156.7,632,2.96,120.6,0.001164,0.078,33.53,0
2025-08-06T00:00:00+00:00,167.2,640,2.89,121.8,0.000943,0.098,30.15,0
2025-08-06T06:00:00+00:00,162.87,653,3.05,122.8,0.000581,0.025,27.89,0
2025-08-06T12:00:00+00:00,224.42,643,3.17,126.6,0.000754,0.101,28.03,0
2025-08-06T18:00:00+00:00,168.42,656,3.06,126.3,0.000845,0.162,33.52,0
2025-08-07T00:00:00+00:00,166.04,660,2.81,128.3,0.001261,0.431,35.71,0
2025-08-07T06:00:00+00:00,175.21,649,2.6,129.0,0.00115,0.231,27.23,0
2025-08-07T12:00:00+00:00,167.78,626,2.73,129.1,0.001086,0.233,38.13,0
2025-08-07T18:00:00+00:00,176.09,647,2.76,127.5,0.001177,0.0,37.16,0
2025-08-08T00:00:00+00:00,193.62,637,2.64,128.3,0.001094,0.14,30.68,0
2025-08-08T06:00:00+00:00,185.84,633,2.9,129.9,0.001356,0.001,30.39,0
2025-08-08T12:00:00+00:00,187.88,639,2.96,132.5,0.001395,0.236,31.76,0
2025-08-08T18:00:00+00:00,154.78,658,2.81,131.5,0.001097,0.116,35.45,0
2025-08-09T00:00:00+00:00,170.81,655,2.89,134.0,0.000997,0.148,30.67,0
2025-08-09T06:00:00+00:00,203.21,655,2.83,131.9,0.000773,0.144,28.14,0
2025-08-09T12:00:00+00:00,223.69,656,2.57,131.7,0.000867,0.157,33.21,0
2025-08-09T18:00:00+00:00,172.48,649,2.43,128.6,0.001416,0.0,24.78,0
2025-08-10T00:00:00+00:00,163.8,636,2.69,129.7,0.001364,0.212,32.5,0
2025-08-10T06:00:00+00:00,218.24,625,2.85,132.9,0.001171,0.042,36.06,0
2025-08-10T12:00:00+00:00,188.64,623,2.99,133.0,0.001724,0.001,33.07,0
2025-08-10T18:00:00+00:00,151.83,618,3.05,129.9,0.002261,0.107,34.74,0
2025-08-11T00:00:00+00:00,184.53,611,2.69,129.5,0.0022,0.058,33.73,0
2025-08-11T06:00:00+00:00,182.02,631,2.64,129.3,0.002331,0.174,34.55,0
2025-08-11T12:00:00+00:00,140.43,647,2.64,131.2,0.002439,0.264,32.51,0
2025-08-11T18:00:00+00:00,198.76,645,2.66,130.9,0.002179,0.173,29.1,0
2025-08-12T00:00:00+00:00,174.58,657,2.47,133.0,0.002409,0.167,31.21,0
2025-08-12T06:00:00+00:00,183.45,656,2.38,132.0,0.002502,0.146,31.74,0
2025-08-12T12:00:00+00:00,164.08,664,2.46,133.6,0.002333,0.246,36.41,0
2025-08-12T18:00:00+00:00,167.64,666,2.26,134.6,0.002353,0.0,37.69,0
2025-08-13T00:00:00+00:00,169.91,662,2.48,135.3,0.001629,0.187,33.47,0
2025-08-13T06:00:00+00:00,193.22,663,2.29,136.8,0.002282,0.031,29.37,0
2025-08-13T12:00:00+00:00,142.65,658,2.35,135.4,0.002354,0.0,29.45,0
2025-08-13T18:00:00+00:00,153.77,664,2.58,132.7,0.002727,0.143,31.34,0
2025-08-14T00:00:00+00:00,216.01,655,2.64,134.5,0.002857,0.153,36.86,0
2025-08-14T06:00:00+00:00,151.61,646,2.55,132.9,0.002785,0.213,33.17,0
2025-08-14T12:00:00+00:00,188.54,657,2.38,133.4,0.002886,0.275,31.81,0
2025-08-14T18:00:00+00:00,160.31,663,2.48,135.9,0.002951,0.0,29.32,0
2025-08-15T00:00:00+00:00,192.48,672,2.6,138.7,0.002417,0.134,35.09,0
2025-08-15T06:00:00+00:00,212.49,684,2.59,137.0,0.002155,0.422,33.01,0
2025-08-15T12:00:00+00:00,227.74,666,2.55,134.7,0.002274,0.346,31.82,0
2025-08-15T18:00:00+00:00,170.62,651,2.79,134.6,0.002194,0.316,32.36,0
2025-08-16T00:00:00+00:00,190.6,644,2.67,131.6,0.002045,0.155,37.9,0
2025-08-16T06:00:00+00:00,182.58,644,2.65,128.4,0.001976,0.0,31.44,0
2025-08-16T12:00:00+00:00,203.02,636,2.68,132.1,0.002132,0.019,37.91,0
2025-08-16T18:00:00+00:00,220.11,633,2.44,128.8,0.001699,0.3,36.35,0
2025-08-17T00:00:00+00:00,163.14,641,2.35,128.9,0.001564,0.258,32.18,0
2025-08-17T06:00:00+00:00,188.85,642,2.6,127.4,0.001509,0.055,35.09,0
2025-08-17T12:00:00+00:00,154.24,634,2.74,125.4,0.001258,0.111,31.57,0
2025-08-17T18:00:00+00:00,222.45,621,2.52,126.6,0.001947,0.254,29.1,0
2025-08-18T00:00:00+00:00,200.77,612,2.68,127.2,0.001668,0.0,31.06,0
2025-08-18T06:00:00+00:00,165.36,610,2.64,125.9,0.002165,0.101,28.82,0
2025-08-18T12:00:00+00:00,194.74,592,2.69,126.7,0.001996,0.337,33.79,0
2025-08-18T18:00:00+00:00,207.31,594,2.81,127.1,0.002089,0.431,32.05,0
2025-08-19T00:00:00+00:00,195.61,602,2.49,130.2,0.002642,0.13,33.99,0
2025-08-19T06:00:00+00:00,205.37,613,2.66,127.1,0.002561,0.382,34.89,0
2025-08-19T12:00:00+00:00,162.41,606,2.57,129.1,0.002311,0.08,21.08,0
2025-08-19T18:00:00+00:00,168.86,605,2.28,128.7,0.002303,0.046,33.09,0
2025-08-20T00:00:00+00:00,173.76,599,2.2,132.5,0.001968,0.0,25.69,0
2025-08-20T06:00:00+00:00,208.1,590,2.11,134.5,0.002483,0.287,32.58,0
2025-08-20T12:00:00+00:00,191.56,594,2.04,133.1,0.002703,0.098,28.93,0
2025-08-20T18:00:00+00:00,196.96,586,2.3,135.4,0.002658,0.424,32.36,0
2025-08-21T00:00:00+00:00,232.48,594,2.43,137.8,0.002337,0.298,36.78,0
2025-08-21T06:00:00+00:00,198.49,607,2.39,135.3,0.00233,0.166,26.02,0
2025-08-21T12:00:00+00:00,146.67,606,2.26,131.4,0.002062,0.0,32.67,0
2025-08-21T18:00:00+00:00,146.21,621,2.59,132.4,0.002349,0.323,31.73,0
2025-08-22T00:00:00+00:00,216.11,616,2.58,132.5,0.002048,0.157,25.38,0
2025-08-22T06:00:00+00:00,136.76,607,2.6,131.4,0.00177,0.124,34.27,0
2025-08-22T12:00:00+00:00,201.23,612,2.57,133.1,0.001777,0.0,32.12,0
2025-08-22T18:00:00+00:00,183.61,610,2.59,132.2,0.001618,0.254,30.22,0
2025-08-23T00:00:00+00:00,130.6,607,2.71,133.0,0.001957,0.262,29.47,0
2025-08-23T06:00:00+00:00,164.7,591,2.64,131.7,0.00199,0.07,43.24,0
2025-08-23T12:00:00+00:00,182.92,587,2.55,132.9,0.002022,0.154,30.62,0
2025-08-23T18:00:00+00:00,157.4,577,2.75,134.3,0.001861,0.19,25.7,0
2025-08-24T00:00:00+00:00,169.12,587,2.62,135.9,0.001802,0.259,28.74,0
2025-08-24T06:00:00+00:00,197.45,580,2.56,133.6,0.001849,0.156,30.72,0
2025-08-24T12:00:00+00:00,185.97,583,2.56,131.9,0.000929,0.35,30.65,0
2025-08-24T18:00:00+00:00,145.07,585,2.28,132.1,0.001273,0.114,31.72,0
2025-08-25T00:00:00+00:00,184.32,589,2.24,131.3,0.001277,0.07,28.34,0
2025-08-25T06:00:00+00:00,175.36,585,2.18,129.2,0.00161,0.087,33.9,0
2025-08-25T12:00:00+00:00,138.82,586,2.35,128.6,0.001642,0.0,30.31,0
2025-08-25T18:00:00+00:00,195.49,585,2.43,130.2,0.001713,0.046,27.24,0
2025-08-26T00:00:00+00:00,178.32,580,2.32,133.3,0.001647,0.264,29.15,0
2025-08-26T06:00:00+00:00,177.67,578,2.56,135.0,0.00179,0.175,30.65,0
2025-08-26T12:00:00+00:00,153.34,575,2.91,135.0,0.001924,0.045,34.97,0
2025-08-26T18:00:00+00:00,169.36,575,2.66,131.6,0.002015,0.185,33.7,0
2025-08-27T00:00:00+00:00,162.56,580,2.61,128.9,0.001638,0.0,30.82,0
2025-08-27T06:00:00+00:00,153.86,578,2.39,130.6,0.001936,0.109,32.07,0
2025-08-27T12:00:00+00:00,175.85,608,2.54,129.2,0.001714,0.206,32.75,0
2025-08-27T18:00:00+00:00,185.95,574,2.45,128.7,0.001959,0.227,39.14,0
2025-08-28T00:00:00+00:00,190.26,582,2.54,129.0,0.002112,0.05,29.84,0
2025-08-28T06:00:00+00:00,202.05,598,2.39,128.0,0.001746,0.26,33.63,0
2025-08-28T12:00:00+00:00,238.09,615,2.6,129.5,0.001457,0.503,34.54,0
2025-08-28T18:00:00+00:00,165.53,617,2.57,129.5,0.001442,0.092,28.66,0
2025-08-29T00:00:00+00:00,236.86,623,2.52,131.1,0.001537,0.363,32.66,0
2025-08-29T06:00:00+00:00,163.54,621,2.52,129.9,0.001767,0.0,32.57,0
2025-08-29T12:00:00+00:00,194.3,619,2.58,128.9,0.001406,0.0,30.36,0
2025-08-29T18:00:00+00:00,148.18,629,2.43,130.2,0.001549,0.217,33.99,0
2025-08-30T00:00:00+00:00,205.12,613,2.3,129.0,0.001368,0.167,35.6,0
2025-08-30T06:00:00+00:00,223.99,602,2.44,128.4,0.001499,0.253,35.96,0
2025-08-30T12:00:00+00:00,143.34,598,2.5,126.9,0.001517,0.074,31.33,0
2025-08-30T18:00:00+00:00,164.02,605,2.51,126.1,0.001269,0.108,32.66,0
2025-08-31T00:00:00+00:00,186.73,608,2.58,125.7,0.00112,0.241,40.23,0
2025-08-31T06:00:00+00:00,215.0,614,2.95,125.3,0.001258,0.403,28.14,0
2025-08-31T12:00:00+00:00,192.88,619,2.55,125.8,0.001128,0.118,32.78,0
2025-08-31T18:00:00+00:00,139.12,633,2.52,124.4,0.001132,0.0,35.12,0
2025-09-01T00:00:00+00:00,175.74,635,2.46,124.7,0.000852,0.297,32.53,0
2025-09-01T06:00:00+00:00,156.32,634,2.6,129.0,0.001107,0.216,34.3,0
2025-09-01T12:00:00+00:00,120.08,637,2.79,130.9,0.001584,0.226,32.6,0
2025-09-01T18:00:00+00:00,188.95,648,2.77,131.0,0.001659,0.166,34.64,0
2025-09-02T00:00:00+00:00,163.34,651,2.8,129.1,0.001159,0.423,36.49,0
2025-09-02T06:00:00+00:00,192.26,645,2.5,129.1,0.00122,0.153,31.23,0
2025-09-02T12:00:00+00:00,140.29,628,2.62,130.7,0.001295,0.206,32.69,0
2025-09-02T18:00:00+00:00,180.33,646,2.91,128.0,0.001604,0.0,31.81,0
2025-09-03T00:00:00+00:00,196.24,650,2.96,129.8,0.001454,0.074,30.59,0
2025-09-03T06:00:00+00:00,166.85,645,2.83,128.1,0.001468,0.061,31.93,0
2025-09-03T12:00:00+00:00,187.6,631,2.66,129.2,0.001484,0.14,28.04,0
2025-09-03T18:00:00+00:00,162.64,635,2.38,127.5,0.00138,0.186,34.61,0
2025-09-04T00:00:00+00:00,164.27,636,2.32,129.5,0.001407,0.054,37.96,0
2025-09-04T06:00:00+00:00,166.3,636,2.36,130.7,0.001329,0.352,37.97,0
2025-09-04T12:00:00+00:00,189.48,648,2.46,130.8,0.001388,0.016,36.47,0
2025-09-04T18:00:00+00:00,192.84,654,2.64,132.4,0.001527,0.09,28.63,0
2025-09-05T00:00:00+00:00,179.65,663,2.68,134.4,0.001558,0.172,37.32,0
2025-09-05T06:00:00+00:00,186.66,642,2.89,133.9,0.001296,0.0,29.5,0
2025-09-05T12:00:00+00:00,186.56,640,2.74,137.5,0.001469,0.212,31.81,0
2025-09-05T18:00:00+00:00,200.02,625,2.82,135.7,0.001981,0.22,38.46,0
2025-09-06T00:00:00+00:00,155.45,615,2.47,135.1,0.001889,0.109,28.25,0
2025-09-06T06:00:00+00:00,187.86,612,2.16,135.3,0.002307,0.373,34.95,0
2025-09-06T12:00:00+00:00,198.93,593,2.37,133.4,0.002861,0.154,32.99,0
2025-09-06T18:00:00+00:00,150.03,599,2.36,135.1,0.002921,0.178,31.47,0
2025-09-07T00:00:00+00:00,206.62,594,2.49,133.4,0.002398,0.052,28.93,0
2025-09-07T06:00:00+00:00,203.41,615,2.45,131.6,0.002448,0.0,33.48,0
2025-09-07T12:00:00+00:00,173.16,601,2.26,130.3,0.002276,0.068,30.38,0
2025-09-07T18:00:00+00:00,177.7,602,2.45,129.1,0.00237,0.105,35.66,0
2025-09-08T00:00:00+00:00,205.34,609,2.31,129.5,0.0021,0.108,36.29,0
2025-09-08T06:00:00+00:00,125.77,621,2.4,129.4,0.001753,0.236,27.17,0
2025-09-08T12:00:00+00:00,192.85,623,2.31,130.7,0.001735,0.0,30.23,0
2025-09-08T18:00:00+00:00,164.06,615,2.48,131.9,0.001599,0.008,30.88,0
2025-09-09T00:00:00+00:00,187.98,627,2.45,130.9,0.001654,0.0,27.87,0
2025-09-09T06:00:00+00:00,167.69,621,2.4,130.3,0.002055,0.305,28.09,0
2025-09-09T12:00:00+00:00,167.61,636,2.39,133.3,0.002039,0.076,32.31,0
2025-09-09T18:00:00+00:00,213.19,641,2.56,133.3,0.00264,0.129,31.27,0
2025-09-10T00:00:00+00:00,208.09,643,2.39,135.4,0.002492,0.04,26.22,0
2025-09-10T06:00:00+00:00,218.03,641,1.97,136.8,0.002661,0.316,30.12,0
2025-09-10T12:00:00+00:00,197.2,649,2.19,139.3,0.002605,0.094,33.82,0
2025-09-10T18:00:00+00:00,195.63,659,2.13,137.6,0.002831,0.171,27.78,0
2025-09-11T00:00:00+00:00,163.16,663,1.98,137.4,0.002732,0.0,28.77,0
2025-09-11T06:00:00+00:00,180.88,655,2.12,135.7,0.002291,0.285,37.56,0
2025-09-11T12:00:00+00:00,148.44,644,2.43,131.9,0.002326,0.191,36.61,0
2025-09-11T18:00:00+00:00,209.18,650,2.56,129.1,0.002225,0.243,26.33,0
2025-09-12T00:00:00+00:00,192.25,652,2.7,127.6,0.00192,0.292,27.27,0
2025-09-12T06:00:00+00:00,164.0,662,2.88,128.4,0.001779,0.121,33.32,0
2025-09-12T12:00:00+00:00,188.03,666,2.89,129.9,0.001487,0.124,27.83,0
2025-09-12T18:00:00+00:00,142.11,667,2.87,127.5,0.001583,0.23,31.12,0
2025-09-13T00:00:00+00:00,190.62,668,2.81,128.3,0.001264,0.195,30.42,0
2025-09-13T06:00:00+00:00,162.45,667,2.88,128.7,0.00159,0.115,33.96,0
2025-09-13T12:00:00+00:00,163.52,655,2.64,129.1,0.001736,0.149,23.15,0
2025-09-13T18:00:00+00:00,177.09,676,2.76,127.2,0.001964,0.083,24.29,0
2025-09-14T00:00:00+00:00,212.19,668,2.54,132.5,0.002054,0.273,27.71,0
2025-09-14T06:00:00+00:00,164.29,675,2.66,135.7,0.002129,0.256,35.55,0
2025-09-14T12:00:00+00:00,147.54,687,2.53,132.1,0.002488,0.145,31.46,0
2025-09-14T18:00:00+00:00,150.46,701,2.64,132.1,0.002509,0.37,26.02,0
2025-09-15T00:00:00+00:00,131.9,694,2.9,133.0,0.002613,0.0,33.73,0
2025-09-15T06:00:00+00:00,191.53,697,3.06,133.4,0.00277,0.116,34.48,0
2025-09-15T12:00:00+00:00,217.84,685,3.13,137.1,0.002596,0.413,31.14,0
2025-09-15T18:00:00+00:00,162.29,684,3.25,138.0,0.002721,0.093,30.85,0
2025-09-16T00:00:00+00:00,185.59,667,3.29,134.5,0.00247,0.0,33.54,0
2025-09-16T06:00:00+00:00,135.45,673,3.22,135.4,0.003232,0.312,36.24,0
2025-09-16T12:00:00+00:00,184.29,680,3.3,132.7,0.002994,0.21,32.54,0
2025-09-16T18:00:00+00:00,190.08,670,3.19,129.9,0.002766,0.001,33.87,0
2025-09-17T00:00:00+00:00,171.97,667,3.01,126.8,0.002378,0.237,31.84,0
2025-09-17T06:00:00+00:00,186.27,672,3.01,128.9,0.00262,0.021,30.67,0
2025-09-17T12:00:00+00:00,207.76,668,3.1,125.8,0.003153,0.011,28.8,0
2025-09-17T18:00:00+00:00,185.61,680,3.05,123.6,0.003177,0.126,32.9,0
2025-09-18T00:00:00+00:00,153.71,661,2.92,125.5,0.003118,0.086,30.96,0
2025-09-18T06:00:00+00:00,158.39,657,3.06,123.6,0.003114,0.012,31.15,0
2025-09-18T12:00:00+00:00,175.28,652,2.91,124.9,0.00279,0.1,35.26,0
2025-09-18T18:00:00+00:00,191.66,671,2.82,129.1,0.002468,0.023,33.72,0
2025-09-19T00:00:00+00:00,181.28,677,2.65,126.3,0.002484,0.151,35.05,0
2025-09-19T06:00:00+00:00,189.78,684,2.48,128.9,0.002261,0.142,26.49,0
2025-09-19T12:00:00+00:00,238.97,685,2.57,129.9,0.001803,0.372,33.96,0
2025-09-19T18:00:00+00:00,138.87,701,2.69,128.9,0.001575,0.09,29.94,0
2025-09-20T00:00:00+00:00,164.05,683,2.51,129.9,0.001529,0.0,29.18,0
2025-09-20T06:00:00+00:00,199.54,672,2.46,132.8,0.001487,0.0,29.03,0
2025-09-20T12:00:00+00:00,173.89,666,2.69,133.2,0.001539,0.115,36.25,0
2025-09-20T18:00:00+00:00,148.1,660,2.47,130.4,0.001456,0.329,34.91,0
2025-09-21T00:00:00+00:00,183.77,658,2.55,131.2,0.001553,0.246,29.5,0
2025-09-21T06:00:00+00:00,191.71,660,2.43,126.6,0.001458,0.067,28.03,0
2025-09-21T12:00:00+00:00,177.78,650,2.36,126.2,0.001187,0.258,32.06,0
2025-09-21T18:00:00+00:00,220.58,640,2.37,126.7,0.001079,0.078,30.4,0
2025-09-22T00:00:00+00:00,182.12,645,2.37,124.8,0.001154,0.266,37.82,0
2025-09-22T06:00:00+00:00,166.12,664,2.31,127.5,0.001563,0.098,26.9,0
2025-09-22T12:00:00+00:00,142.19,679,2.24,131.6,0.001632,0.237,25.61,0
2025-09-22T18:00:00+00:00,153.16,676,2.26,132.5,0.001679,0.219,31.12,0
2025-09-23T00:00:00+00:00,221.5,675,2.5,130.6,0.001448,0.187,32.05,0
2025-09-23T06:00:00+00:00,149.32,682,2.64,132.5,0.001228,0.184,32.48,0
2025-09-23T12:00:00+00:00,187.47,693,2.74,135.5,0.000983,0.016,34.66,0
2025-09-23T18:00:00+00:00,223.81,695,2.72,131.6,0.000888,0.22,39.28,0
2025-09-24T00:00:00+00:00,200.71,706,2.67,129.7,0.001198,0.277,30.82,0
2025-09-24T06:00:00+00:00,183.73,715,2.85,127.9,0.001257,0.637,30.12,0
2025-09-24T12:00:00+00:00,195.54,724,2.77,126.4,0.001536,0.229,25.86,0
2025-09-24T18:00:00+00:00,149.11,739,2.63,121.3,0.00123,0.155,32.88,0
2025-09-25T00:00:00+00:00,157.32,728,2.65,123.2,0.001268,0.023,35.01,0
2025-09-25T06:00:00+00:00,116.1,720,2.7,121.7,0.001326,0.272,31.11,0
2025-09-25T12:00:00+00:00,194.89,713,3.13,123.9,0.001182,0.0,36.16,0
2025-09-25T18:00:00+00:00,195.96,702,3.06,120.9,0.001071,0.048,32.13,0
2025-09-26T00:00:00+00:00,206.64,694,3.18,120.7,0.000951,0.211,37.33,0
2025-09-26T06:00:00+00:00,197.41,680,2.99,121.2,0.00098,0.0,33.2,0
2025-09-26T12:00:00+00:00,186.5,692,2.89,123.9,0.001128,0.33,28.33,0
2025-09-26T18:00:00+00:00,151.03,691,2.6,121.7,0.001386,0.276,29.81,0
2025-09-27T00:00:00+00:00,201.77,705,2.66,123.9,0.001342,0.082,26.67,0
2025-09-27T06:00:00+00:00,198.05,700,2.59,126.2,0.001488,0.078,25.96,0
2025-09-27T12:00:00+00:00,171.38,698,2.57,127.5,0.001618,0.0,32.97,0
2025-09-27T18:00:00+00:00,169.18,689,2.86,128.0,0.001659,0.0,35.09,0
2025-09-28T00:00:00+00:00,173.7,703,3.03,127.7,0.001831,0.198,38.88,0
2025-09-28T06:00:00+00:00,151.56,692,2.92,123.2,0.00216,0.22,31.85,0
2025-09-28T12:00:00+00:00,211.36,673,3.02,121.9,0.001912,0.227,31.22,0
2025-09-28T18:00:00+00:00,136.42,671,3.05,123.7,0.002368,0.176,28.17,0
2025-09-29T00:00:00+00:00,170.43,674,3.17,122.8,0.002528,0.077,35.51,0
2025-09-29T06:00:00+00:00,210.18,676,3.08,123.0,0.002483,0.224,33.42,0
2025-09-29T12:00:00+00:00,187.99,677,3.13,122.4,0.002273,0.0,29.98,0
2025-09-29T18:00:00+00:00,185.49,685,2.86,121.7,0.002652,0.145,34.47,0
2025-09-30T00:00:00+00:00,156.11,657,2.75,123.6,0.002198,0.322,34.03,0
2025-09-30T06:00:00+00:00,184.79,683,2.38,127.0,0.002583,0.304,25.52,0
2025-09-30T12:00:00+00:00,167.16,692,2.39,127.8,0.00233,0.089,34.67,0
2025-09-30T18:00:00+00:00,117.95,700,2.27,127.3,0.00257,0.104,32.55,0
2025-10-01T00:00:00+00:00,197.3,688,2.27,127.7,0.002206,0.31,30.71,0
2025-10-01T06:00:00+00:00,181.86,700,2.38,124.8,0.002194,0.36,30.63,0
2025-10-01T12:00:00+00:00,181.8,692,2.33,125.3,0.002015,0.0,38.21,0
2025-10-01T18:00:00+00:00,155.42,701,2.28,127.5,0.002017,0.093,37.47,0
2025-10-02T00:00:00+00:00,159.24,709,2.26,126.6,0.001744,0.173,38.49,0
2025-10-02T06:00:00+00:00,158.7,714,2.46,131.0,0.002102,0.291,28.08,0
2025-10-02T12:00:00+00:00,208.31,716,2.48,131.5,0.002105,0.073,29.82,0
2025-10-02T18:00:00+00:00,229.64,730,2.67,129.4,0.001947,0.327,35.28,0
2025-10-03T00:00:00+00:00,174.51,742,2.76,128.8,0.002272,0.108,27.89,0
2025-10-03T06:00:00+00:00,205.69,737,2.75,127.7,0.001786,0.451,29.61,0
2025-10-03T12:00:00+00:00,203.65,745,2.6,126.6,0.00164,0.209,25.82,0
2025-10-03T18:00:00+00:00,155.98,751,2.64,126.8,0.001272,0.128,38.63,0
2025-10-04T00:00:00+00:00,185.73,749,2.46,127.5,0.00144,0.104,35.87,0
2025-10-04T06:00:00+00:00,208.09,748,2.83,128.6,0.001654,0.3,33.76,0
2025-10-04T12:00:00+00:00,200.05,748,2.83,130.4,0.001979,0.227,32.93,0
2025-10-04T18:00:00+00:00,167.3,733,3.01,131.1,0.002243,0.014,30.71,0
2025-10-05T00:00:00+00:00,200.52,737,2.83,128.4,0.002705,0.173,30.79,0
2025-10-05T06:00:00+00:00,193.85,739,2.65,129.0,0.002589,0.0,34.34,0
2025-10-05T12:00:00+00:00,200.39,719,2.34,125.7,0.002634,0.055,29.71,0
2025-10-05T18:00:00+00:00,166.48,718,2.36,126.6,0.002759,0.0,36.5,0
2025-10-06T00:00:00+00:00,207.84,696,2.36,125.1,0.00241,0.013,30.49,0
2025-10-06T06:00:00+00:00,175.89,690,2.39,124.8,0.002029,0.062,29.17,0
2025-10-06T12:00:00+00:00,170.77,685,2.74,123.0,0.001616,0.027,36.78,0
2025-10-06T18:00:00+00:00,158.26,687,2.85,124.4,0.001374,0.208,31.75,0
2025-10-07T00:00:00+00:00,162.02,697,2.74,122.4,0.001279,0.241,34.21,0
2025-10-07T06:00:00+00:00,144.54,696,2.87,124.2,0.001337,0.116,30.83,0
2025-10-07T12:00:00+00:00,198.01,704,2.89,126.3,0.001047,0.01,24.42,0
2025-10-07T18:00:00+00:00,202.62,688,3.01,123.6,0.00105,0.251,34.22,0
2025-10-08T00:00:00+00:00,198.16,687,2.93,123.1,0.001475,0.0,27.61,0
2025-10-08T06:00:00+00:00,215.19,661,3.06,128.1,0.001522,0.0,36.13,0
2025-10-08T12:00:00+00:00,163.69,661,3.15,131.6,0.001263,0.232,26.93,0
2025-10-08T18:00:00+00:00,175.86,662,3.1,132.3,0.001359,0.224,25.85,0
2025-10-09T00:00:00+00:00,190.22,669,3.02,131.9,0.001243,0.262,33.47,0
2025-10-09T06:00:00+00:00,191.34,662,2.98,131.1,0.001007,0.119,33.9,0
2025-10-09T12:00:00+00:00,197.19,678,2.96,128.0,0.001361,0.0,32.81,0
2025-10-09T18:00:00+00:00,189.84,670,3.03,127.8,0.001475,0.083,28.21,0
2025-10-10T00:00:00+00:00,219.3,672,2.93,127.9,0.002027,0.282,35.59,0
2025-10-10T06:00:00+00:00,170.72,649,2.93,128.7,0.001764,0.052,27.38,0
2025-10-10T12:00:00+00:00,162.32,636,3.24,127.8,0.002298,0.06,30.91,0
2025-10-10T18:00:00+00:00,198.87,642,3.21,128.6,0.002436,0.0,29.8,0
2025-10-11T00:00:00+00:00,189.99,654,3.25,128.7,0.002452,0.004,31.26,0
2025-10-11T06:00:00+00:00,163.22,668,3.34,126.5,0.002268,0.246,35.6,0
2025-10-11T12:00:00+00:00,206.58,671,3.21,125.8,0.002017,0.223,30.43,0
2025-10-11T18:00:00+00:00,227.32,668,3.24,127.9,0.002024,0.102,34.65,0
2025-10-12T00:00:00+00:00,206.9,689,3.21,134.2,0.002284,0.039,35.14,0
2025-10-12T06:00:00+00:00,149.81,694,3.12,127.8,0.002238,0.077,26.76,0
2025-10-12T12:00:00+00:00,180.02,695,3.39,124.9,0.002711,0.211,28.7,0
2025-10-12T18:00:00+00:00,142.98,692,3.47,120.0,0.002708,0.004,31.48,0
2025-10-13T00:00:00+00:00,245.31,688,3.53,120.8,0.002384,0.285,30.79,0
2025-10-13T06:00:00+00:00,217.27,697,3.59,122.6,0.002622,0.0,33.98,0
2025-10-13T12:00:00+00:00,242.65,708,3.54,120.2,0.002249,0.145,26.19,0
2025-10-13T18:00:00+00:00,167.79,721,3.61,121.0,0.002142,0.195,35.52,0
2025-10-14T00:00:00+00:00,193.89,720,3.57,120.9,0.001976,0.253,35.65,0
2025-10-14T06:00:00+00:00,207.79,741,3.58,120.2,0.001676,0.033,32.51,0
2025-10-14T12:00:00+00:00,205.96,733,3.65,122.3,0.001666,0.073,28.31,0
2025-10-14T18:00:00+00:00,226.22,732,3.56,120.5,0.002037,0.334,33.22,0
2025-10-15T00:00:00+00:00,206.29,735,3.9,119.5,0.002023,0.12,31.38,0
2025-10-15T06:00:00+00:00,274.69,749,3.82,117.3,0.001833,0.345,35.31,0
2025-10-15T12:00:00+00:00,242.15,748,3.82,118.0,0.002122,0.357,33.09,0
2025-10-15T18:00:00+00:00,198.03,757,3.82,118.8,0.002078,0.168,36.0,0
2025-10-16T00:00:00+00:00,213.31,761,3.91,119.7,0.002214,0.326,32.0,0
2025-10-16T06:00:00+00:00,220.51,756,3.64,118.3,0.002418,0.313,38.64,0
2025-10-16T12:00:00+00:00,207.53,760,3.85,119.2,0.002634,0.102,25.6,0
2025-10-16T18:00:00+00:00,192.6,771,3.95,118.6,0.002575,0.13,30.19,0
2025-10-17T00:00:00+00:00,209.3,771,3.75,120.3,0.002822,0.171,35.55,0
2025-10-17T06:00:00+00:00,202.74,765,4.01,120.2,0.002743,0.0,28.63,0
2025-10-17T12:00:00+00:00,207.79,761,3.84,121.6,0.002725,0.055,36.58,0
2025-10-17T18:00:00+00:00,208.1,776,3.89,123.1,0.002652,0.291,29.84,0
2025-10-18T00:00:00+00:00,273.14,766,3.84,121.7,0.002896,0.214,34.52,0
2025-10-18T06:00:00+00:00,234.83,764,4.04,123.5,0.003072,0.388,31.09,0
2025-10-18T12:00:00+00:00,207.01,765,4.01,125.0,0.003257,0.204,32.86,0
2025-10-18T18:00:00+00:00,236.41,756,4.02,130.3,0.003175,0.258,35.12,0
2025-10-19T00:00:00+00:00,238.16,752,3.85,127.0,0.003417,0.345,34.26,0
2025-10-19T06:00:00+00:00,246.02,752,3.84,130.6,0.003971,0.366,33.41,0
2025-10-19T12:00:00+00:00,254.19,742,3.95,131.3,0.003962,0.483,42.4,0
2025-10-19T18:00:00+00:00,226.54,746,3.89,133.9,0.004004,0.191,35.02,0
2025-10-20T00:00:00+00:00,251.2,749,4.02,134.9,0.004006,0.299,31.73,0
2025-10-20T06:00:00+00:00,226.28,751,4.22,135.0,0.00387,0.209,38.5,0
2025-10-20T12:00:00+00:00,276.93,747,4.09,131.9,0.003818,0.645,38.27,0
2025-10-20T18:00:00+00:00,260.51,751,3.72,131.3,0.00389,0.474,39.82,0
2025-10-21T00:00:00+00:00,235.5,751,3.54,133.4,0.003611,0.16,41.95,0
2025-10-21T06:00:00+00:00,274.91,743,3.35,132.6,0.003793,0.371,32.56,0
2025-10-21T12:00:00+00:00,272.64,759,3.39,129.6,0.003554,0.318,39.72,0
2025-10-21T18:00:00+00:00,298.72,760,3.37,125.7,0.003548,0.498,40.17,0
2025-10-22T00:00:00+00:00,271.33,770,3.35,126.7,0.003257,0.424,36.35,0
2025-10-22T06:00:00+00:00,263.0,757,3.25,129.0,0.003467,0.645,37.39,0
2025-10-22T12:00:00+00:00,256.8,752,3.43,128.1,0.003776,0.127,26.2,0
2025-10-22T18:00:00+00:00,276.01,762,3.36,129.5,0.003512,0.539,34.89,0
2025-10-23T00:00:00+00:00,346.74,773,3.17,129.6,0.003516,0.719,43.35,0
2025-10-23T06:00:00+00:00,249.35,771,3.12,132.2,0.003336,0.236,31.04,0
2025-10-23T12:00:00+00:00,303.08,774,3.34,134.4,0.003409,0.494,35.62,0
2025-10-23T18:00:00+00:00,287.75,764,3.26,134.9,0.003381,0.398,38.71,0
2025-10-24T00:00:00+00:00,324.84,795,3.09,135.3,0.003236,0.595,39.93,0
2025-10-24T06:00:00+00:00,291.01,816,3.13,136.5,0.003069,0.59,43.85,0
2025-10-24T12:00:00+00:00,296.69,810,3.01,134.3,0.002823,0.306,32.19,0
2025-10-24T18:00:00+00:00,334.55,839,3.28,134.0,0.002635,0.782,38.74,0
2025-10-25T00:00:00+00:00,359.64,860,3.25,136.0,0.002827,0.668,41.83,0
2025-10-25T06:00:00+00:00,285.59,871,3.24,131.0,0.002666,0.631,34.46,0
2025-10-25T12:00:00+00:00,330.3,875,3.37,130.6,0.002552,0.658,39.16,0
2025-10-25T18:00:00+00:00,329.58,886,3.66,128.2,0.002419,0.755,46.14,0
2025-10-26T00:00:00+00:00,334.07,900,3.6,127.0,0.002665,0.69,44.4,0
2025-10-26T06:00:00+00:00,381.16,943,3.42,126.7,0.002827,0.92,41.94,0
2025-10-26T12:00:00+00:00,373.32,967,3.49,125.8,0.003217,0.769,31.16,0
2025-10-26T18:00:00+00:00,385.62,988,3.58,125.7,0.003372,0.706,40.11,0
2025-10-27T00:00:00+00:00,390.25,1014,3.84,125.5,0.003544,0.903,42.18,0
2025-10-27T06:00:00+00:00,397.99,1042,3.79,123.7,0.003412,0.935,40.01,0
2025-10-27T12:00:00+00:00,430.21,1079,3.81,121.5,0.00365,1.217,41.13,0
2025-10-27T18:00:00+00:00,410.64,1115,3.68,125.1,0.003811,0.654,52.42,0
2025-10-28T00:00:00+00:00,417.28,1146,4.0,125.1,0.003816,0.895,41.15,0
2025-10-28T06:00:00+00:00,384.88,1191,3.97,124.7,0.004163,0.931,38.78,0
2025-10-28T12:00:00+00:00,457.38,1220,4.12,125.3,0.00495,0.91,43.3,0
2025-10-28T18:00:00+00:00,442.59,1247,4.28,126.3,0.005095,0.981,41.62,0
2025-10-29T00:00:00+00:00,419.79,1265,4.49,126.1,0.005304,1.182,41.92,0
2025-10-29T06:00:00+00:00,449.71,1313,4.8,126.5,0.005504,1.204,42.97,0
2025-10-29T12:00:00+00:00,446.32,1337,4.91,126.4,0.005515,0.916,46.26,0
2025-10-29T18:00:00+00:00,453.72,1375,4.93,129.0,0.00618,1.22,44.65,0
2025-10-30T00:00:00+00:00,468.91,1410,5.15,127.7,0.006599,1.245,39.89,0
2025-10-30T06:00:00+00:00,437.6,1446,5.31,126.5,0.006684,1.084,43.9,0
2025-10-30T12:00:00+00:00,450.31,1470,5.55,124.5,0.006882,1.082,46.3,0
2025-10-30T18:00:00+00:00,482.82,1513,5.86,123.9,0.007231,1.18,43.27,0
2025-10-31T00:00:00+00:00,485.11,1545,6.09,123.0,0.007357,1.055,49.19,0
2025-10-31T06:00:00+00:00,509.53,1592,6.37,118.4,0.007542,1.185,48.15,0
2025-10-31T12:00:00+00:00,515.04,1623,6.69,114.4,0.007395,1.354,42.23,0
2025-10-31T18:00:00+00:00,477.49,1644,7.03,112.1,0.007508,1.15,47.07,0
2025-11-01T00:00:00+00:00,497.96,1681,6.85,112.0,0.007778,1.428,53.15,0
2025-11-01T06:00:00+00:00,510.8,1723,7.12,111.8,0.007887,1.211,51.91,0
2025-11-01T12:00:00+00:00,563.4,1775,7.31,116.0,0.008141,1.15,46.5,0
2025-11-01T18:00:00+00:00,513.95,1821,7.33,114.5,0.008617,1.222,50.08,0
2025-11-02T00:00:00+00:00,547.68,1861,7.34,114.5,0.008628,1.416,44.82,0
2025-11-02T06:00:00+00:00,497.98,1919,7.13,115.4,0.00889,1.252,42.34,0
2025-11-02T12:00:00+00:00,552.93,1958,7.23,116.4,0.009425,1.409,49.58,0
2025-11-02T18:00:00+00:00,509.33,1989,7.17,118.4,0.009863,1.147,48.73,0
2025-11-03T00:00:00+00:00,533.47,2030,7.04,121.1,0.009872,1.512,49.88,0
2025-11-03T06:00:00+00:00,561.58,2092,7.28,119.8,0.009859,1.352,48.21,0
2025-11-03T12:00:00+00:00,556.62,2156,7.74,115.1,0.009737,1.5,49.65,0
2025-11-03T18:00:00+00:00,572.53,2225,7.92,112.3,0.00989,1.437,46.91,0
2025-11-04T00:00:00+00:00,606.17,2282,8.16,111.5,0.010001,1.447,50.56,0
2025-11-04T06:00:00+00:00,599.65,2333,8.46,110.1,0.010114,1.738,52.02,0
2025-11-04T12:00:00+00:00,566.49,2379,8.89,111.2,0.010245,1.148,49.08,0
2025-11-04T18:00:00+00:00,546.69,2427,9.15,113.5,0.010513,1.277,52.32,0
2025-11-05T00:00:00+00:00,583.98,2494,9.57,113.3,0.010585,1.564,43.45,0
2025-11-05T06:00:00+00:00,605.77,2557,9.85,112.9,0.010422,1.547,47.07,0
2025-11-05T12:00:00+00:00,615.15,2594,10.11,114.2,0.010858,1.713,55.04,0
2025-11-05T18:00:00+00:00,628.55,2639,10.47,112.7,0.011183,1.659,56.31,0
2025-11-06T00:00:00+00:00,614.28,2697,10.54,111.2,0.010872,1.566,51.18,0
2025-11-06T06:00:00+00:00,636.37,2745,10.47,112.0,0.011148,1.958,50.09,0
2025-11-06T12:00:00+00:00,643.5,2813,10.76,110.4,0.0115,1.698,46.16,0
2025-11-06T18:00:00+00:00,658.15,2870,11.09,110.8,0.011521,1.757,52.02,0
2025-11-07T00:00:00+00:00,632.28,2925,11.32,110.0,0.012001,1.554,53.6,0
2025-11-07T06:00:00+00:00,624.52,2994,11.48,109.1,0.01167,1.567,45.82,0
2025-11-07T12:00:00+00:00,624.2,3043,11.63,104.7,0.012009,1.733,53.09,0
2025-11-07T18:00:00+00:00,627.17,3099,11.75,104.3,0.012027,1.734,52.98,0
2025-11-08T00:00:00+00:00,643.48,3160,11.77,104.0,0.012803,1.724,52.92,0
2025-11-08T06:00:00+00:00,620.85,3208,12.09,104.0,0.012734,1.56,47.54,0
2025-11-08T12:00:00+00:00,625.55,3256,12.39,102.2,0.013065,1.743,53.5,0
2025-11-08T18:00:00+00:00,652.97,3321,12.8,99.4,0.013086,1.553,46.46,0
2025-11-09T00:00:00+00:00,671.03,3362,13.2,101.2,0.013552,1.781,57.02,0
2025-11-09T06:00:00+00:00,652.49,3404,13.23,101.7,0.013827,1.726,52.38,0
2025-11-09T12:00:00+00:00,673.8,3452,13.49,103.3,0.014147,1.731,47.92,0
2025-11-09T18:00:00+00:00,670.56,3496,13.39,102.9,0.014436,1.839,56.79,0
2025-11-10T00:00:00+00:00,649.8,3542,13.57,101.7,0.014835,1.667,56.21,0
2025-11-10T06:00:00+00:00,597.39,3578,13.8,100.1,0.01483,1.464,49.98,0
2025-11-10T12:00:00+00:00,644.12,3626,13.88,98.0,0.014955,1.943,60.05,0
2025-11-10T18:00:00+00:00,644.24,3684,14.15,101.5,0.015135,1.816,48.89,0
2025-11-11T00:00:00+00:00,650.54,3727,14.18,100.5,0.01571,1.894,53.58,0
2025-11-11T06:00:00+00:00,669.18,3780,14.55,102.1,0.015915,1.823,56.69,0
2025-11-11T12:00:00+00:00,664.19,3826,14.81,103.5,0.016229,1.914,44.67,0
2025-11-11T18:00:00+00:00,661.23,3877,15.07,101.8,0.016351,1.882,56.18,0
2025-11-12T00:00:00+00:00,625.59,3906,15.43,97.6,0.016448,1.807,52.51,0
2025-11-12T06:00:00+00:00,696.97,3983,15.61,95.7,0.016675,2.2,52.74,0
2025-11-12T12:00:00+00:00,659.46,4040,15.81,97.4,0.016894,1.755,49.08,0
2025-11-12T18:00:00+00:00,614.59,4069,16.48,97.9,0.016903,1.654,54.07,0
2025-11-13T00:00:00+00:00,681.26,4112,16.73,98.8,0.017312,1.854,49.07,0
2025-11-13T06:00:00+00:00,686.87,4161,16.69,99.9,0.01744,1.458,49.62,0
2025-11-13T12:00:00+00:00,662.05,4200,16.66,98.7,0.01744,1.624,51.48,0
2025-11-13T18:00:00+00:00,685.22,4246,16.66,98.8,0.017687,1.876,48.8,0
2025-11-14T00:00:00+00:00,664.14,4276,16.78,97.2,0.018099,1.875,58.64,0
2025-11-14T06:00:00+00:00,646.4,4287,16.94,94.0,0.018143,1.667,48.53,0
2025-11-14T12:00:00+00:00,679.86,4340,17.06,94.8,0.018118,1.992,50.58,0
2025-11-14T18:00:00+00:00,686.3,4404,17.43,97.3,0.017994,2.032,52.15,0
2025-11-15T00:00:00+00:00,673.45,4433,17.81,97.0,0.018141,1.783,53.3,0
2025-11-15T06:00:00+00:00,668.28,4476,17.81,98.6,0.018352,1.985,56.1,0
2025-11-15T12:00:00+00:00,687.32,4523,17.92,99.4,0.018397,2.092,56.22,0
2025-11-15T18:00:00+00:00,738.9,4587,18.34,100.9,0.018809,2.121,52.33,0
2025-11-16T00:00:00+00:00,670.87,4630,18.13,102.2,0.018941,1.706,52.07,0
2025-11-16T06:00:00+00:00,703.84,4676,18.33,98.8,0.019039,2.117,53.57,0
2025-11-16T12:00:00+00:00,696.45,4724,18.78,97.2,0.019045,1.895,56.35,0
2025-11-16T18:00:00+00:00,655.81,4771,18.85,101.3,0.019261,1.725,55.94,0
2025-11-17T00:00:00+00:00,709.9,4805,19.23,104.0,0.019151,1.977,51.71,0
2025-11-17T06:00:00+00:00,709.63,4864,19.41,106.0,0.019326,1.897,46.33,0
2025-11-17T12:00:00+00:00,717.59,4892,19.7,106.6,0.020122,2.119,61.06,1
2025-11-17T18:00:00+00:00,702.99,4949,20.01,104.8,0.020209,2.032,56.91,1
2025-11-18T00:00:00+00:00,668.07,4978,20.06,103.2,0.019758,1.96,54.53,0
2025-11-18T06:00:00+00:00,676.75,5000,20.24,107.4,0.020177,1.915,54.81,1
2025-11-18T12:00:00+00:00,712.16,5000,20.5,103.4,0.020261,1.876,51.82,1
2025-11-18T18:00:00+00:00,710.14,5000,20.88,103.5,0.020193,1.945,50.15,1
2025-11-19T00:00:00+00:00,721.2,5000,21.15,103.3,0.02053,2.108,52.51,1
2025-11-19T06:00:00+00:00,672.96,5000,21.15,102.3,0.020933,1.783,52.91,1
2025-11-19T12:00:00+00:00,721.8,5000,21.1,103.5,0.02089,2.356,51.52,1
2025-11-19T18:00:00+00:00,741.73,5000,21.26,104.0,0.021539,2.047,48.62,1
2025-11-20T00:00:00+00:00,714.83,5000,21.48,100.9,0.021506,1.91,52.64,1
2025-11-20T06:00:00+00:00,671.47,5000,21.77,102.7,0.022188,1.964,55.76,1
2025-11-20T12:00:00+00:00,645.02,5000,21.83,103.6,0.022222,1.822,52.03,1
2025-11-20T18:00:00+00:00,685.65,5000,21.72,104.3,0.02202,1.873,53.85,1
2025-11-21T00:00:00+00:00,720.82,5000,21.57,105.2,0.021876,1.974,46.53,1
2025-11-21T06:00:00+00:00,634.24,5000,21.38,103.0,0.022212,1.745,53.06,1
2025-11-21T12:00:00+00:00,724.28,5000,21.49,100.8,0.021738,2.114,53.37,1
2025-11-21T18:00:00+00:00,679.22,5000,21.62,97.7,0.021975,1.945,49.52,1
2025-11-22T00:00:00+00:00,703.29,5000,21.54,97.0,0.021905,1.903,47.77,1
2025-11-22T06:00:00+00:00,702.59,5000,21.38,97.9,0.022256,1.989,55.27,1
2025-11-22T12:00:00+00:00,717.22,5000,21.21,98.4,0.022229,2.09,51.0,1
2025-11-22T18:00:00+00:00,686.07,5000,21.47,96.9,0.022029,1.97,55.55,1
2025-11-23T00:00:00+00:00,702.93,5000,21.58,94.5,0.022208,1.568,52.38,1
2025-11-23T06:00:00+00:00,731.31,5000,21.46,97.6,0.022589,1.932,56.04,1
2025-11-23T12:00:00+00:00,715.99,5000,21.37,96.1,0.022521,1.892,52.68,1
2025-11-23T18:00:00+00:00,694.55,5000,21.28,96.5,0.022632,1.881,48.6,1
2025-11-24T00:00:00+00:00,721.77,5000,21.31,98.6,0.02275,2.027,53.58,1
2025-11-24T06:00:00+00:00,643.95,4998,21.28,97.8,0.02298,1.839,52.74,1
2025-11-24T12:00:00+00:00,689.57,5000,21.33,95.9,0.023163,1.965,56.19,1
2025-11-24T18:00:00+00:00,688.87,5000,21.33,94.0,0.023315,1.873,52.32,1
2025-11-25T00:00:00+00:00,708.15,5000,21.17,95.0,0.023151,1.96,52.53,1
2025-11-25T06:00:00+00:00,714.88,5000,21.33,97.0,0.02344,2.192,56.92,1
2025-11-25T12:00:00+00:00,714.75,5000,21.4,93.8,0.023879,1.907,57.99,1
2025-11-25T18:00:00+00:00,698.0,5000,21.7,92.9,0.023349,1.957,56.57,1
2025-11-26T00:00:00+00:00,668.46,5000,21.76,93.0,0.023353,2.003,57.55,1
2025-11-26T06:00:00+00:00,731.27,5000,21.91,89.5,0.023708,2.08,55.51,1
2025-11-26T12:00:00+00:00,697.92,5000,21.88,93.1,0.023931,1.675,56.62,1
2025-11-26T18:00:00+00:00,728.83,5000,21.66,93.2,0.024071,2.075,57.0,1
2025-11-27T00:00:00+00:00,708.86,5000,21.54,91.4,0.023751,1.913,55.35,1
2025-11-27T06:00:00+00:00,646.4,5000,21.71,93.4,0.023505,1.724,54.16,1
2025-11-27T12:00:00+00:00,691.49,5000,21.85,92.1,0.023477,2.024,54.44,1
2025-11-27T18:00:00+00:00,684.57,5000,21.92,93.8,0.023358,1.929,62.36,1
2025-11-28T00:00:00+00:00,697.18,5000,21.71,93.4,0.023668,1.886,53.99,1
2025-11-28T06:00:00+00:00,714.4,5000,21.95,94.5,0.023679,2.086,53.12,1
2025-11-28T12:00:00+00:00,702.48,5000,21.97,95.3,0.023462,1.989,52.68,1
2025-11-28T18:00:00+00:00,679.02,5000,21.85,91.3,0.023218,1.866,53.84,1
2025-11-29T00:00:00+00:00,694.15,5000,21.69,93.5,0.023187,1.943,54.81,1
2025-11-29T06:00:00+00:00,724.95,5000,21.93,95.7,0.023096,2.047,50.0,1
2025-11-29T12:00:00+00:00,688.76,5000,22.03,95.2,0.023214,1.847,47.03,1
2025-11-29T18:00:00+00:00,679.58,5000,21.94,94.5,0.023362,1.8,55.0,1
2025-11-30T00:00:00+00:00,629.4,5000,21.93,96.2,0.023647,1.68,48.34,1
2025-11-30T06:00:00+00:00,709.05,5000,22.17,94.7,0.023562,1.845,54.87,1
2025-11-30T12:00:00+00:00,764.01,5000,22.17,93.2,0.024039,2.004,54.46,1
2025-11-30T18:00:00+00:00,719.02,5000,22.05,93.8,0.02448,2.152,58.0,1
2025-12-01T00:00:00+00:00,711.22,5000,22.28,92.5,0.024313,1.939,59.82,1
2025-12-01T06:00:00+00:00,708.82,5000,22.27,95.9,0.023966,1.956,55.26,1
2025-12-01T12:00:00+00:00,695.25,5000,22.13,94.9,0.024128,1.895,52.03,1
2025-12-01T18:00:00+00:00,673.76,5000,22.19,91.2,0.024178,1.837,49.86,1
2025-12-02T00:00:00+00:00,674.96,5000,22.59,90.6,0.024187,1.841,51.2,1
2025-12-02T06:00:00+00:00,705.44,5000,22.51,87.9,0.024449,1.955,54.12,1
2025-12-02T12:00:00+00:00,716.77,5000,22.59,86.7,0.024345,1.891,46.74,1
2025-12-02T18:00:00+00:00,746.01,5000,22.45,83.3,0.024536,2.203,54.24,1
2025-12-03T00:00:00+00:00,727.44,5000,22.4,85.7,0.024365,1.942,53.94,1
2025-12-03T06:00:00+00:00,712.14,5000,22.3,89.1,0.024695,2.095,56.24,1
2025-12-03T12:00:00+00:00,691.3,5000,22.28,87.5,0.024717,1.667,52.81,1
2025-12-03T18:00:00+00:00,690.55,5000,22.07,89.7,0.024334,1.767,54.34,1
2025-12-04T00:00:00+00:00,691.01,5000,21.83,94.0,0.024282,2.015,51.41,1
2025-12-04T06:00:00+00:00,686.12,5000,21.77,95.8,0.023678,1.861,52.36,1
2025-12-04T12:00:00+00:00,692.42,5000,22.16,94.5,0.023658,1.82,47.78,1
2025-12-04T18:00:00+00:00,712.11,5000,22.06,94.1,0.023897,2.016,54.42,1
2025-12-05T00:00:00+00:00,687.99,5000,22.14,93.0,0.023947,1.76,59.41,1
2025-12-05T06:00:00+00:00,665.48,5000,22.37,94.2,0.02382,1.814,54.56,1
2025-12-05T12:00:00+00:00,679.03,5000,22.48,95.3,0.023538,1.587,55.27,1
2025-12-05T18:00:00+00:00,694.47,5000,22.3,96.6,0.023254,1.854,50.55,1
2025-12-06T00:00:00+00:00,702.47,5000,22.35,98.4,0.023259,1.859,59.0,1
2025-12-06T06:00:00+00:00,733.54,5000,22.29,100.7,0.023564,2.112,51.3,1
2025-12-06T12:00:00+00:00,718.49,5000,22.1,98.1,0.023712,2.099,56.8,1
2025-12-06T18:00:00+00:00,669.47,5000,22.25,98.0,0.023731,1.717,54.37,1
2025-12-07T00:00:00+00:00,683.99,5000,22.33,95.5,0.023609,2.064,50.63,1
2025-12-07T06:00:00+00:00,730.38,5000,22.17,94.0,0.023896,1.965,57.59,1
2025-12-07T12:00:00+00:00,714.72,5000,22.08,90.9,0.024046,1.733,54.05,1
2025-12-07T18:00:00+00:00,666.76,5000,22.31,91.0,0.024267,1.524,54.62,1
2025-12-08T00:00:00+00:00,714.12,5000,22.35,89.5,0.024314,2.163,55.58,1
2025-12-08T06:00:00+00:00,699.81,5000,22.52,87.5,0.024637,1.917,53.92,1
2025-12-08T12:00:00+00:00,667.17,5000,22.34,87.5,0.024224,1.733,52.67,1
2025-12-08T18:00:00+00:00,648.74,5000,22.38,87.4,0.024324,1.656,55.63,1
2025-12-09T00:00:00+00:00,724.59,5000,22.39,84.7,0.024391,1.884,52.58,1
2025-12-09T06:00:00+00:00,714.25,5000,22.34,85.0,0.024478,2.141,54.22,1
2025-12-09T12:00:00+00:00,684.06,5000,22.1,84.9,0.024602,1.861,51.66,1
2025-12-09T18:00:00+00:00,673.58,5000,22.25,88.1,0.024682,2.049,48.78,1
2025-12-10T00:00:00+00:00,728.03,5000,22.13,86.4,0.024584,2.004,51.64,1
2025-12-10T06:00:00+00:00,705.96,5000,22.19,86.7,0.024546,1.667,52.26,1
2025-12-10T12:00:00+00:00,708.05,5000,22.24,87.6,0.02462,2.058,54.05,1
2025-12-10T18:00:00+00:00,694.69,5000,22.1,88.9,0.024691,1.865,58.14,1
2025-12-11T00:00:00+00:00,694.82,5000,22.07,93.6,0.024417,1.881,48.08,1
2025-12-11T06:00:00+00:00,671.5,5000,22.13,91.0,0.024384,2.015,54.45,1
2025-12-11T12:00:00+00:00,681.65,5000,22.28,92.2,0.024471,1.831,46.25,1
2025-12-11T18:00:00+00:00,719.55,5000,22.45,91.6,0.024339,2.137,50.34,1
2025-12-12T00:00:00+00:00,694.29,5000,22.58,92.0,0.024463,1.907,52.22,1
2025-12-12T06:00:00+00:00,644.81,5000,22.73,96.5,0.024667,1.641,46.11,1
2025-12-12T12:00:00+00:00,696.15,5000,22.58,96.4,0.024325,1.975,47.49,1
2025-12-12T18:00:00+00:00,707.15,5000,22.49,97.6,0.024604,1.881,54.54,1
2025-12-13T00:00:00+00:00,744.87,5000,22.55,95.3,0.024207,2.235,54.27,1
2025-12-13T06:00:00+00:00,649.12,5000,22.49,96.9,0.023719,1.862,53.6,1
2025-12-13T12:00:00+00:00,739.08,5000,22.8,97.2,0.023867,2.074,51.18,1
2025-12-13T18:00:00+00:00,701.46,5000,22.6,97.5,0.023929,2.006,61.54,1
2025-12-14T00:00:00+00:00,757.47,5000,23.0,98.0,0.02405,2.2,53.43,1
2025-12-14T06:00:00+00:00,758.15,5000,22.77,94.8,0.023965,2.101,50.98,1
2025-12-14T12:00:00+00:00,718.78,5000,22.86,93.5,0.02439,2.102,59.87,1
2025-12-14T18:00:00+00:00,706.59,5000,22.95,92.3,0.024505,1.924,56.15,1
2025-12-15T00:00:00+00:00,706.65,5000,22.75,92.7,0.02463,2.025,52.7,1
2025-12-15T06:00:00+00:00,709.0,5000,22.96,94.7,0.024346,1.846,58.17,1
2025-12-15T12:00:00+00:00,669.51,5000,22.79,95.3,0.024031,1.832,54.55,1
2025-12-15T18:00:00+00:00,656.66,5000,22.8,96.7,0.023907,1.824,56.25,1
2025-12-16T00:00:00+00:00,759.01,5000,23.06,95.5,0.024268,2.043,54.82,1
2025-12-16T06:00:00+00:00,697.79,5000,23.11,98.5,0.024287,1.87,50.4,1
2025-12-16T12:00:00+00:00,703.06,5000,22.84,99.3,0.024165,1.875,57.4,1
2025-12-16T18:00:00+00:00,657.7,5000,22.79,99.0,0.024482,1.865,54.56,1
2025-12-17T00:00:00+00:00,738.36,5000,22.79,96.5,0.024731,1.978,50.47,1
2025-12-17T06:00:00+00:00,714.94,5000,22.83,95.0,0.024817,2.034,51.33,1
2025-12-17T12:00:00+00:00,725.41,5000,22.75,94.4,0.024389,2.202,57.34,1
2025-12-17T18:00:00+00:00,703.42,5000,22.86,92.8,0.024622,1.983,52.71,1
2025-12-18T00:00:00+00:00,689.48,5000,22.54,89.7,0.024455,1.698,54.16,1
2025-12-18T06:00:00+00:00,690.76,5000,22.52,89.6,0.024603,1.911,56.29,1
2025-12-18T12:00:00+00:00,669.31,5000,22.31,87.1,0.025092,1.944,54.45,1
2025-12-18T18:00:00+00:00,653.32,5000,22.28,90.4,0.025092,1.728,48.66,1
2025-12-19T00:00:00+00:00,695.12,5000,22.29,92.1,0.025297,2.044,56.23,1
2025-12-19T06:00:00+00:00,663.7,5000,22.4,92.4,0.025428,1.874,57.28,1
2025-12-19T12:00:00+00:00,717.39,5000,22.36,89.2,0.025455,2.041,57.03,1
2025-12-19T18:00:00+00:00,697.53,5000,22.47,89.7,0.025958,1.889,59.66,1
2025-12-20T00:00:00+00:00,721.43,5000,22.61,88.5,0.025872,1.943,55.27,1
2025-12-20T06:00:00+00:00,717.0,5000,22.83,86.7,0.02566,1.958,56.72,1
2025-12-20T12:00:00+00:00,695.19,5000,22.87,86.0,0.025688,1.919,59.56,1
2025-12-20T18:00:00+00:00,734.36,5000,22.8,88.3,0.025579,2.114,52.98,1
2025-12-21T00:00:00+00:00,657.23,5000,22.83,87.8,0.025064,1.827,60.08,1
2025-12-21T06:00:00+00:00,675.25,5000,22.82,89.9,0.024468,1.805,60.07,1
2025-12-21T12:00:00+00:00,709.57,5000,22.47,88.1,0.024727,1.971,56.74,1
2025-12-21T18:00:00+00:00,723.22,5000,22.47,88.5,0.024908,2.058,60.44,1
2025-12-22T00:00:00+00:00,712.17,5000,22.54,88.8,0.024324,1.777,56.98,1
2025-12-22T06:00:00+00:00,674.21,5000,22.72,88.1,0.024264,1.745,50.92,1
2025-12-22T12:00:00+00:00,714.92,5000,22.64,90.5,0.024192,1.886,57.98,1
2025-12-22T18:00:00+00:00,766.41,5000,22.18,89.2,0.023762,2.141,55.14,1
2025-12-23T00:00:00+00:00,682.25,5000,22.31,90.7,0.023279,1.833,55.45,1
2025-12-23T06:00:00+00:00,697.46,5000,22.39,89.0,0.023524,1.889,54.54,1
2025-12-23T12:00:00+00:00,705.66,5000,22.22,86.3,0.023326,1.845,58.76,1
2025-12-23T18:00:00+00:00,688.2,5000,22.03,84.4,0.023183,1.968,55.93,1
2025-12-24T00:00:00+00:00,689.83,5000,22.01,86.7,0.023089,1.927,51.56,1
2025-12-24T06:00:00+00:00,717.03,5000,21.98,87.1,0.022967,1.793,55.7,1
2025-12-24T12:00:00+00:00,777.15,5000,22.32,86.1,0.023164,2.205,56.55,1
2025-12-24T18:00:00+00:00,739.46,5000,22.25,84.7,0.023039,1.935,51.46,1
2025-12-25T00:00:00+00:00,697.29,5000,22.34,84.9,0.023165,2.124,52.48,1
2025-12-25T06:00:00+00:00,725.0,5000,22.48,82.5,0.023317,1.964,52.66,1
2025-12-25T12:00:00+00:00,657.49,5000,22.57,82.8,0.023232,1.731,51.87,1
2025-12-25T18:00:00+00:00,725.9,5000,22.3,83.3,0.023223,2.032,55.22,1
2025-12-26T00:00:00+00:00,701.74,5000,22.15,83.1,0.023099,1.912,57.56,1
2025-12-26T06:00:00+00:00,712.84,5000,22.28,82.8,0.023352,1.968,60.62,1
2025-12-26T12:00:00+00:00,723.21,5000,22.31,80.0,0.023392,2.198,58.18,1
2025-12-26T18:00:00+00:00,683.42,5000,22.4,81.3,0.023455,1.898,57.58,1
2025-12-27T00:00:00+00:00,662.29,5000,22.41,83.2,0.023709,1.896,58.0,1
2025-12-27T06:00:00+00:00,675.64,5000,22.35,84.4,0.02365,1.978,58.67,1
2025-12-27T12:00:00+00:00,678.7,5000,22.51,86.6,0.023586,1.737,52.68,1
2025-12-27T18:00:00+00:00,668.45,5000,22.48,86.6,0.023887,2.02,56.43,1
